{"target": -0.23125080853396213, "params": {"classifier__C": 4.170278344825269, "classifier__gamma": 0.8812979737686324, "classifier__kernel": 0.00034312445202322244, "pca__kernel": 0.906997717865286, "pca__n_components": 60.40884454521099, "pca__rbf_gamma": 0.0923385947687978, "use_pca": 0.1862602113776709, "use_scaler": 0.34556072704304774}, "datetime": {"datetime": "2021-02-16 07:47:20", "elapsed": 0.0, "delta": 0.0}}
